﻿<?xml version="1.0" encoding="UTF-8" standalone="yes"?>
<addon id="plugin.video.multidown"
       name="MultiDown"
       version="1.0.10"
       provider-name="MultiDown">
  <requires>
 <import addon="xbmc.python" version="2.1.0"/>
 <import addon="script.module.beautifulsoup4" version="4.3.1" />
 <import addon="script.module.requests" version="2.3.0" />
 <import addon="script.module.html5lib" version="0.999.0" />
 <import addon="script.module.urlresolver"/>
  </requires>
  <extension point="xbmc.python.pluginsource" library="default.py">
        <provides>video</provides>
  </extension>
  <extension point="xbmc.addon.metadata">
    <summary lang="en">https://www.facebook.com/MultiDown.me</summary>
<description lang="he">
מרכז ההורדות הגדול ביותר בישראל עם תכנים ייחודים במיוחד בשביל גולשי האתר! מחפשים סרטים או סדרות להורדה עם תרגום ובאיכות הטובה ביותר?

סרטים וסדרות להורדה וצפייה ישירה
[COLOR blue]http://www.MultiDown.me[/COLOR]
</description>
    <platform>all</platform>
 <language>en</language>
 <disclaimer></disclaimer>
  </extension>
</addon>