﻿<?xml version="1.0" encoding="UTF-8" standalone="yes"?>
<addon id="repository.MultiDownRepo" name="MultiDown Repo" version="1.0.0" provider-name="MultiDown">
	<extension point="xbmc.addon.repository">
		<info compressed="false">https://raw.githubusercontent.com/MultiDown/MultiDownRepo/master/addons.xml</info>
		<checksum>https://raw.githubusercontent.com/MultiDown/MultiDownRepo/master/addons.xml.md5</checksum>
		<datadir zip="true">https://github.com/MultiDown/MultiDownRepo/tree/master</datadir>
    </extension>
	<extension point="xbmc.addon.metadata">
		<summary lang="en"></summary>
		<description lang="en"></description>
		<platform>all</platform>
	</extension>
</addon>